Damage Type,Confidence,Est. Length (cm),Severity,Action Priority,Bounding Box
Burst,3.6%,1.5% Area,🟢 Low,Monitor Status,"[134.9, 62.0, 191.2, 75.5]"
Burst,2.0%,1.9% Area,🟢 Low,Monitor Status,"[117.6, 61.6, 192.5, 74.7]"
Burst,1.6%,2.1% Area,🟠 Medium,Schedule Maintenance,"[0.0, 20.7, 38.0, 48.1]"
Burst,0.5%,2.0% Area,🟠 Medium,Schedule Maintenance,"[0.8, 24.5, 46.5, 47.2]"
Burst,0.5%,2.8% Area,🟠 Medium,Schedule Maintenance,"[107.7, 62.0, 192.4, 78.7]"
Burst,0.3%,3.7% Area,🟠 Medium,Schedule Maintenance,"[0.1, 104.3, 24.2, 182.2]"
Burst,0.2%,2.2% Area,🟠 Medium,Schedule Maintenance,"[0.6, 28.0, 50.1, 50.8]"
Burst,0.1%,2.2% Area,🟠 Medium,Schedule Maintenance,"[1.1, 17.7, 44.2, 43.1]"
Burst,0.1%,1.3% Area,🟢 Low,Monitor Status,"[0.0, 115.4, 11.7, 171.2]"
Burst,0.1%,1.7% Area,🟢 Low,Monitor Status,"[0.0, 117.4, 17.2, 168.4]"
Burst,0.1%,2.7% Area,🟠 Medium,Schedule Maintenance,"[0.0, 96.2, 19.4, 166.7]"
Burst,0.0%,1.5% Area,🟢 Low,Monitor Status,"[144.4, 62.9, 192.6, 78.5]"
Burst,0.0%,3.7% Area,🟠 Medium,Schedule Maintenance,"[0.0, 93.2, 26.2, 164.8]"
Burst,0.0%,0.4% Area,🟢 Low,Monitor Status,"[94.8, 3.1, 120.8, 11.3]"
Burst,0.0%,0.5% Area,🟢 Low,Monitor Status,"[74.5, 2.9, 103.6, 11.4]"
Burst,0.0%,0.4% Area,🟢 Low,Monitor Status,"[88.2, 3.1, 114.8, 11.3]"
Burst,0.0%,0.5% Area,🟢 Low,Monitor Status,"[81.5, 3.0, 109.2, 11.3]"
Burst,0.0%,0.5% Area,🟢 Low,Monitor Status,"[67.3, 2.8, 98.1, 11.5]"
Burst,0.0%,0.9% Area,🟢 Low,Monitor Status,"[0.0, 118.3, 9.5, 164.8]"
Burst,0.0%,1.4% Area,🟢 Low,Monitor Status,"[0.0, 102.5, 11.1, 164.3]"
Burst,0.0%,3.3% Area,🟠 Medium,Schedule Maintenance,"[0.0, 100.9, 18.5, 191.7]"
Burst,0.0%,0.4% Area,🟢 Low,Monitor Status,"[101.2, 3.1, 127.4, 11.3]"
Burst,0.0%,2.0% Area,🟠 Medium,Schedule Maintenance,"[5.8, 33.3, 62.3, 51.4]"
Burst,0.0%,5.7% Area,🟠 Medium,Schedule Maintenance,"[0.0, 104.1, 32.8, 190.9]"
Burst,0.0%,0.6% Area,🟢 Low,Monitor Status,"[60.0, 2.7, 92.6, 11.6]"
Burst,0.0%,1.9% Area,🟢 Low,Monitor Status,"[131.4, 58.3, 191.8, 74.6]"
Burst,0.0%,2.6% Area,🟠 Medium,Schedule Maintenance,"[126.8, 62.3, 197.8, 80.6]"
Burst,0.0%,3.5% Area,🟠 Medium,Schedule Maintenance,"[87.7, 63.3, 201.4, 78.9]"
Burst,0.0%,1.6% Area,🟢 Low,Monitor Status,"[15.0, 24.7, 49.5, 48.4]"
Burst,0.0%,2.5% Area,🟠 Medium,Schedule Maintenance,"[0.5, 30.9, 54.2, 54.7]"
Burst,0.0%,0.6% Area,🟢 Low,Monitor Status,"[53.1, 2.6, 86.6, 11.7]"
Burst,0.0%,0.4% Area,🟢 Low,Monitor Status,"[107.4, 2.9, 134.2, 11.4]"
Burst,0.0%,2.8% Area,🟠 Medium,Schedule Maintenance,"[0.2, 8.7, 36.3, 48.0]"
Burst,0.0%,5.7% Area,🟠 Medium,Schedule Maintenance,"[0.0, 4.6, 68.0, 46.8]"
Burst,0.0%,0.6% Area,🟢 Low,Monitor Status,"[46.4, 2.6, 80.6, 11.7]"
Burst,0.0%,12.3% Area,🔴 High,Immediate Repair,"[0.0, 36.7, 74.3, 120.3]"
Burst,0.0%,5.2% Area,🟠 Medium,Schedule Maintenance,"[78.4, 60.9, 195.4, 83.2]"
Burst,0.0%,0.6% Area,🟢 Low,Monitor Status,"[39.4, 2.5, 74.3, 11.8]"
Burst,0.0%,0.3% Area,🟢 Low,Monitor Status,"[152.8, 76.2, 164.6, 91.0]"
Burst,0.0%,0.8% Area,🟢 Low,Monitor Status,"[61.9, 9.7, 93.2, 22.6]"
Burst,0.0%,10.9% Area,🔴 High,Immediate Repair,"[0.1, 101.4, 63.3, 187.9]"
Burst,0.0%,3.6% Area,🟠 Medium,Schedule Maintenance,"[0.0, 69.9, 18.9, 164.9]"
Burst,0.0%,1.8% Area,🟢 Low,Monitor Status,"[0.0, 17.3, 33.1, 45.2]"
Burst,0.0%,4.7% Area,🟠 Medium,Schedule Maintenance,"[0.0, 68.3, 25.6, 160.4]"
Burst,0.0%,0.7% Area,🟢 Low,Monitor Status,"[69.2, 9.7, 98.9, 22.2]"
Burst,0.0%,0.9% Area,🟢 Low,Monitor Status,"[0.0, 104.0, 9.1, 156.1]"
Burst,0.0%,0.7% Area,🟢 Low,Monitor Status,"[31.1, 2.5, 68.2, 12.0]"
Burst,0.0%,2.0% Area,🟠 Medium,Schedule Maintenance,"[74.1, 181.1, 157.7, 193.0]"
Burst,0.0%,0.2% Area,🟢 Low,Monitor Status,"[238.8, 0.0, 256.4, 5.7]"
Burst,0.0%,6.7% Area,🟠 Medium,Schedule Maintenance,"[1.0, 103.4, 46.3, 177.6]"
Burst,0.0%,2.0% Area,🟠 Medium,Schedule Maintenance,"[43.9, 181.1, 127.5, 193.0]"
Burst,0.0%,0.3% Area,🟢 Low,Monitor Status,"[248.0, 0.0, 260.5, 11.7]"
Burst,0.0%,0.8% Area,🟢 Low,Monitor Status,"[55.0, 9.8, 87.1, 22.8]"
Burst,0.0%,5.7% Area,🟠 Medium,Schedule Maintenance,"[0.1, 34.6, 72.9, 73.7]"
Burst,0.0%,0.4% Area,🟢 Low,Monitor Status,"[166.8, 2.9, 193.3, 11.2]"
Burst,0.0%,3.3% Area,🟠 Medium,Schedule Maintenance,"[0.0, 31.5, 74.2, 53.7]"
Burst,0.0%,0.4% Area,🟢 Low,Monitor Status,"[226.1, 2.7, 252.1, 11.2]"
Burst,0.0%,0.8% Area,🟢 Low,Monitor Status,"[0.0, 122.7, 8.0, 171.6]"
Burst,0.0%,0.8% Area,🟢 Low,Monitor Status,"[22.3, 2.4, 61.9, 12.3]"
Burst,0.0%,0.5% Area,🟢 Low,Monitor Status,"[113.5, 2.7, 141.1, 11.5]"
Burst,0.0%,7.7% Area,🟠 Medium,Schedule Maintenance,"[0.0, 38.3, 51.5, 114.0]"
Burst,0.0%,2.8% Area,🟠 Medium,Schedule Maintenance,"[107.9, 120.5, 147.1, 157.0]"
Burst,0.0%,0.4% Area,🟢 Low,Monitor Status,"[249.2, 1.7, 260.3, 18.4]"
Burst,0.0%,6.8% Area,🟠 Medium,Schedule Maintenance,"[167.1, 42.3, 245.2, 86.5]"
Burst,0.0%,5.1% Area,🟠 Medium,Schedule Maintenance,"[0.0, 100.8, 38.4, 167.6]"
Burst,0.0%,4.3% Area,🟠 Medium,Schedule Maintenance,"[10.0, 87.7, 61.8, 129.3]"
Burst,0.0%,2.2% Area,🟠 Medium,Schedule Maintenance,"[95.0, 181.0, 188.5, 193.0]"
Burst,0.0%,2.1% Area,🟠 Medium,Schedule Maintenance,"[18.2, 180.9, 107.7, 193.0]"
Burst,0.0%,1.7% Area,🟢 Low,Monitor Status,"[15.7, 17.7, 46.5, 45.8]"
Burst,0.0%,0.7% Area,🟢 Low,Monitor Status,"[12.0, 2.4, 48.3, 12.4]"
Burst,0.0%,4.3% Area,🟠 Medium,Schedule Maintenance,"[111.9, 62.0, 195.2, 87.8]"
Burst,0.0%,0.4% Area,🟢 Low,Monitor Status,"[172.9, 2.8, 199.0, 11.1]"
Burst,0.0%,2.5% Area,🟠 Medium,Schedule Maintenance,"[141.8, 176.6, 217.4, 193.0]"
Burst,0.0%,4.3% Area,🟠 Medium,Schedule Maintenance,"[0.0, 19.7, 73.1, 49.2]"
Burst,0.0%,0.5% Area,🟢 Low,Monitor Status,"[0.0, 39.8, 5.6, 86.4]"
Burst,0.0%,0.6% Area,🟢 Low,Monitor Status,"[249.9, 5.3, 260.3, 35.1]"
Burst,0.0%,0.5% Area,🟢 Low,Monitor Status,"[119.5, 2.6, 147.8, 11.4]"
Burst,0.0%,0.7% Area,🟢 Low,Monitor Status,"[76.4, 9.6, 105.0, 21.6]"
Burst,0.0%,4.3% Area,🟠 Medium,Schedule Maintenance,"[162.4, 60.1, 242.0, 87.7]"
Burst,0.0%,0.8% Area,🟢 Low,Monitor Status,"[48.6, 9.9, 81.0, 22.7]"
Burst,0.0%,0.5% Area,🟢 Low,Monitor Status,"[159.6, 2.7, 190.2, 11.4]"
Burst,0.0%,1.8% Area,🟢 Low,Monitor Status,"[0.0, 116.9, 21.9, 159.3]"
Burst,0.0%,3.2% Area,🟠 Medium,Schedule Maintenance,"[104.9, 127.9, 148.2, 165.3]"
Burst,0.0%,0.2% Area,🟢 Low,Monitor Status,"[80.3, 0.0, 104.9, 4.2]"
Burst,0.0%,2.5% Area,🟠 Medium,Schedule Maintenance,"[0.0, 41.9, 17.3, 114.3]"
Burst,0.0%,0.6% Area,🟢 Low,Monitor Status,"[125.0, 64.1, 167.4, 71.3]"
Burst,0.0%,0.2% Area,🟢 Low,Monitor Status,"[73.5, 0.0, 99.3, 4.2]"
Burst,0.0%,26.1% Area,🔴 High,Immediate Repair,"[79.2, 64.6, 207.1, 167.3]"
Burst,0.0%,1.3% Area,🟢 Low,Monitor Status,"[19.5, 31.7, 55.4, 49.7]"
Burst,0.0%,1.1% Area,🟢 Low,Monitor Status,"[11.6, 9.4, 45.0, 26.3]"
Burst,0.0%,2.0% Area,🟠 Medium,Schedule Maintenance,"[102.3, 85.9, 137.3, 114.4]"
Burst,0.0%,2.2% Area,🟠 Medium,Schedule Maintenance,"[127.4, 179.4, 210.1, 193.0]"
Burst,0.0%,0.2% Area,🟢 Low,Monitor Status,"[86.9, 0.0, 110.6, 4.2]"
Burst,0.0%,0.5% Area,🟢 Low,Monitor Status,"[153.3, 76.7, 165.5, 96.0]"
Burst,0.0%,6.3% Area,🟠 Medium,Schedule Maintenance,"[2.4, 40.9, 59.4, 96.7]"
Burst,0.0%,2.1% Area,🟠 Medium,Schedule Maintenance,"[7.9, 13.7, 51.3, 38.1]"
Burst,0.0%,0.5% Area,🟢 Low,Monitor Status,"[125.5, 2.5, 155.1, 11.4]"
Burst,0.0%,0.2% Area,🟢 Low,Monitor Status,"[171.5, 0.0, 194.9, 3.9]"
Burst,0.0%,12.9% Area,🔴 High,Immediate Repair,"[0.0, 109.7, 78.1, 193.0]"
Burst,0.0%,1.1% Area,🟢 Low,Monitor Status,"[219.9, 14.4, 250.8, 32.6]"
Burst,0.0%,0.6% Area,🟢 Low,Monitor Status,"[0.0, 2.3, 30.3, 12.7]"
Burst,0.0%,2.9% Area,🟠 Medium,Schedule Maintenance,"[220.4, 22.0, 259.7, 59.2]"
Burst,0.0%,0.2% Area,🟢 Low,Monitor Status,"[224.5, 0.0, 246.2, 4.0]"
Burst,0.0%,8.5% Area,🔴 High,Immediate Repair,"[180.6, 0.0, 261.0, 53.3]"
Burst,0.0%,0.2% Area,🟢 Low,Monitor Status,"[165.0, 0.0, 189.9, 4.0]"
Burst,0.0%,0.3% Area,🟢 Low,Monitor Status,"[241.1, 2.3, 256.0, 12.0]"
Burst,0.0%,5.0% Area,🟠 Medium,Schedule Maintenance,"[70.4, 167.0, 172.0, 191.6]"
Burst,0.0%,2.6% Area,🟠 Medium,Schedule Maintenance,"[0.0, 154.2, 33.9, 193.0]"
Burst,0.0%,0.1% Area,🟢 Low,Monitor Status,"[198.3, 0.0, 231.5, 1.7]"
Burst,0.0%,0.4% Area,🟢 Low,Monitor Status,"[219.1, 2.8, 245.3, 11.2]"
Burst,0.0%,2.5% Area,🟠 Medium,Schedule Maintenance,"[93.2, 84.6, 132.8, 116.0]"
Burst,0.0%,1.3% Area,🟢 Low,Monitor Status,"[7.5, 8.8, 39.0, 30.4]"
Burst,0.0%,0.2% Area,🟢 Low,Monitor Status,"[55.5, 189.8, 89.7, 193.0]"
Burst,0.0%,1.9% Area,🟢 Low,Monitor Status,"[0.1, 95.4, 15.5, 157.5]"
Burst,0.0%,17.2% Area,🔴 High,Immediate Repair,"[0.0, 35.1, 73.1, 153.6]"
Burst,0.0%,10.7% Area,🔴 High,Immediate Repair,"[0.0, 35.8, 47.9, 147.9]"
Burst,0.0%,0.5% Area,🟢 Low,Monitor Status,"[242.4, 8.3, 255.6, 26.1]"
Burst,0.0%,0.1% Area,🟢 Low,Monitor Status,"[188.4, 0.0, 221.7, 1.6]"
Burst,0.0%,18.1% Area,🔴 High,Immediate Repair,"[87.1, 94.8, 205.3, 171.8]"
Burst,0.0%,0.6% Area,🟢 Low,Monitor Status,"[126.6, 67.0, 175.0, 73.7]"
Burst,0.0%,2.4% Area,🟠 Medium,Schedule Maintenance,"[98.6, 80.6, 141.1, 109.2]"
Burst,0.0%,1.6% Area,🟢 Low,Monitor Status,"[8.0, 31.3, 51.8, 49.6]"
Burst,0.0%,1.5% Area,🟢 Low,Monitor Status,"[0.7, 8.4, 33.6, 31.0]"
Burst,0.0%,1.0% Area,🟢 Low,Monitor Status,"[141.8, 64.2, 191.8, 74.5]"
Burst,0.0%,4.4% Area,🟠 Medium,Schedule Maintenance,"[93.3, 66.4, 196.4, 87.8]"
Burst,0.0%,12.0% Area,🔴 High,Immediate Repair,"[0.0, 7.3, 136.5, 51.7]"
Burst,0.0%,2.6% Area,🟠 Medium,Schedule Maintenance,"[213.5, 25.3, 255.3, 56.8]"
Burst,0.0%,4.0% Area,🟠 Medium,Schedule Maintenance,"[99.2, 134.8, 147.6, 176.8]"
Burst,0.0%,2.3% Area,🟠 Medium,Schedule Maintenance,"[1.0, 170.2, 50.9, 193.0]"
Burst,0.0%,0.4% Area,🟢 Low,Monitor Status,"[0.0, 52.3, 5.5, 92.2]"
Burst,0.0%,1.8% Area,🟢 Low,Monitor Status,"[22.0, 22.4, 55.7, 48.7]"
Burst,0.0%,0.2% Area,🟢 Low,Monitor Status,"[66.6, 0.0, 93.8, 4.2]"
Burst,0.0%,11.4% Area,🔴 High,Immediate Repair,"[171.4, 14.8, 252.4, 85.7]"
Burst,0.0%,1.2% Area,🟢 Low,Monitor Status,"[16.9, 9.6, 52.3, 26.2]"
Burst,0.0%,0.1% Area,🟢 Low,Monitor Status,"[168.8, 0.0, 201.9, 1.5]"
Burst,0.0%,0.5% Area,🟢 Low,Monitor Status,"[212.0, 2.7, 239.8, 11.3]"
Burst,0.0%,0.2% Area,🟢 Low,Monitor Status,"[93.5, 0.0, 116.6, 4.2]"
Burst,0.0%,1.3% Area,🟢 Low,Monitor Status,"[23.3, 35.5, 64.2, 51.1]"
Burst,0.0%,6.1% Area,🟠 Medium,Schedule Maintenance,"[5.8, 165.5, 120.7, 192.4]"
Burst,0.0%,0.1% Area,🟢 Low,Monitor Status,"[181.8, 0.0, 215.1, 1.6]"
Burst,0.0%,0.1% Area,🟢 Low,Monitor Status,"[205.4, 0.0, 237.1, 1.6]"
Burst,0.0%,8.2% Area,🔴 High,Immediate Repair,"[0.3, 0.0, 88.4, 46.8]"
Burst,0.0%,0.2% Area,🟢 Low,Monitor Status,"[217.7, 0.0, 239.7, 3.9]"
Burst,0.0%,1.0% Area,🟢 Low,Monitor Status,"[0.0, 32.4, 8.8, 92.4]"
Burst,0.0%,0.6% Area,🟢 Low,Monitor Status,"[121.3, 9.8, 148.8, 21.2]"
Burst,0.0%,5.6% Area,🟠 Medium,Schedule Maintenance,"[88.6, 167.1, 207.7, 191.0]"
Burst,0.0%,8.9% Area,🔴 High,Immediate Repair,"[1.9, 150.7, 107.5, 193.0]"
Burst,0.0%,1.4% Area,🟢 Low,Monitor Status,"[0.1, 30.5, 15.8, 74.4]"
Burst,0.0%,3.0% Area,🟠 Medium,Schedule Maintenance,"[219.2, 29.1, 259.7, 66.6]"
Burst,0.0%,0.1% Area,🟢 Low,Monitor Status,"[253.3, 0.0, 261.0, 3.5]"
Burst,0.0%,0.7% Area,🟢 Low,Monitor Status,"[115.1, 9.5, 142.5, 21.9]"
Burst,0.0%,1.2% Area,🟢 Low,Monitor Status,"[0.0, 37.2, 13.2, 83.8]"
Burst,0.0%,3.3% Area,🟠 Medium,Schedule Maintenance,"[32.3, 79.3, 74.9, 118.2]"
Burst,0.0%,2.6% Area,🟠 Medium,Schedule Maintenance,"[1.5, 71.1, 38.9, 106.8]"
Burst,0.0%,24.8% Area,🔴 High,Immediate Repair,"[60.0, 56.2, 198.0, 146.9]"
Burst,0.0%,0.2% Area,🟢 Low,Monitor Status,"[47.6, 189.9, 82.4, 193.0]"
Burst,0.0%,6.9% Area,🟠 Medium,Schedule Maintenance,"[0.0, 75.7, 36.3, 171.0]"
Burst,0.0%,5.4% Area,🟠 Medium,Schedule Maintenance,"[93.1, 72.7, 172.3, 107.3]"
Burst,0.0%,12.1% Area,🔴 High,Immediate Repair,"[9.5, 32.7, 149.5, 76.3]"
Burst,0.0%,8.7% Area,🔴 High,Immediate Repair,"[166.9, 0.0, 261.0, 46.7]"
Burst,0.0%,0.5% Area,🟢 Low,Monitor Status,"[204.9, 2.6, 233.7, 11.4]"
Burst,0.0%,0.1% Area,🟢 Low,Monitor Status,"[254.1, 0.0, 261.0, 7.0]"
Burst,0.0%,8.6% Area,🔴 High,Immediate Repair,"[65.1, 59.3, 195.5, 92.7]"
Burst,0.0%,0.6% Area,🟢 Low,Monitor Status,"[131.6, 2.4, 162.4, 11.5]"
Burst,0.0%,0.1% Area,🟢 Low,Monitor Status,"[175.6, 0.0, 208.4, 1.6]"
Burst,0.0%,2.7% Area,🟠 Medium,Schedule Maintenance,"[92.4, 89.4, 131.7, 124.0]"
Burst,0.0%,1.6% Area,🟢 Low,Monitor Status,"[110.7, 176.4, 158.2, 193.0]"
Burst,0.0%,3.6% Area,🟠 Medium,Schedule Maintenance,"[116.6, 77.0, 167.1, 113.0]"
Burst,0.0%,3.5% Area,🟠 Medium,Schedule Maintenance,"[10.6, 83.6, 59.9, 119.4]"
Burst,0.0%,1.8% Area,🟢 Low,Monitor Status,"[15.1, 14.5, 56.3, 36.9]"
Burst,0.0%,0.7% Area,🟢 Low,Monitor Status,"[150.0, 2.5, 186.2, 11.7]"
Burst,0.0%,1.4% Area,🟢 Low,Monitor Status,"[0.0, 85.7, 9.7, 159.8]"
Burst,0.0%,0.2% Area,🟢 Low,Monitor Status,"[177.7, 0.0, 201.8, 4.0]"
Burst,0.0%,2.5% Area,🟠 Medium,Schedule Maintenance,"[145.4, 62.2, 209.7, 82.1]"
Burst,0.0%,14.0% Area,🔴 High,Immediate Repair,"[86.4, 117.5, 206.6, 176.3]"
Burst,0.0%,0.4% Area,🟢 Low,Monitor Status,"[192.8, 0.0, 228.0, 5.0]"
Burst,0.0%,0.4% Area,🟢 Low,Monitor Status,"[186.3, 0.0, 221.5, 5.0]"
Burst,0.0%,2.3% Area,🟠 Medium,Schedule Maintenance,"[100.6, 90.2, 137.3, 121.8]"
Burst,0.0%,17.1% Area,🔴 High,Immediate Repair,"[0.3, 36.4, 105.3, 118.4]"
Burst,0.0%,0.7% Area,🟢 Low,Monitor Status,"[109.0, 9.3, 135.8, 22.1]"
Burst,0.0%,0.2% Area,🟢 Low,Monitor Status,"[210.6, 0.0, 234.0, 3.9]"
Burst,0.0%,0.1% Area,🟢 Low,Monitor Status,"[211.8, 0.0, 243.4, 1.6]"
Burst,0.0%,2.2% Area,🟠 Medium,Schedule Maintenance,"[249.4, 6.1, 261.0, 102.8]"
Burst,0.0%,0.5% Area,🟢 Low,Monitor Status,"[197.9, 2.6, 227.8, 11.4]"
Burst,0.0%,20.9% Area,🔴 High,Immediate Repair,"[0.0, 7.8, 166.4, 71.0]"
Burst,0.0%,6.5% Area,🟠 Medium,Schedule Maintenance,"[1.9, 100.3, 54.0, 163.3]"
Burst,0.0%,7.2% Area,🟠 Medium,Schedule Maintenance,"[0.3, 35.2, 115.5, 66.8]"
Burst,0.0%,0.3% Area,🟢 Low,Monitor Status,"[199.4, 0.0, 234.4, 5.0]"
Burst,0.0%,0.9% Area,🟢 Low,Monitor Status,"[213.8, 15.3, 241.4, 32.5]"
Burst,0.0%,0.7% Area,🟢 Low,Monitor Status,"[6.6, 2.2, 38.5, 12.8]"
Burst,0.0%,4.6% Area,🟠 Medium,Schedule Maintenance,"[0.9, 0.0, 50.4, 46.3]"
Burst,0.0%,2.6% Area,🟠 Medium,Schedule Maintenance,"[212.1, 32.0, 255.0, 62.9]"
Burst,0.0%,2.6% Area,🟠 Medium,Schedule Maintenance,"[115.7, 105.8, 160.8, 135.4]"
Burst,0.0%,14.8% Area,🔴 High,Immediate Repair,"[62.5, 58.1, 197.0, 113.5]"
Burst,0.0%,0.5% Area,🟢 Low,Monitor Status,"[232.0, 2.5, 258.4, 11.4]"
Burst,0.0%,0.6% Area,🟢 Low,Monitor Status,"[83.4, 9.5, 110.9, 21.1]"
Burst,0.0%,6.7% Area,🟠 Medium,Schedule Maintenance,"[192.5, 142.1, 259.6, 192.1]"
Burst,0.0%,2.7% Area,🟠 Medium,Schedule Maintenance,"[163.0, 174.9, 239.4, 193.0]"
Burst,0.0%,4.4% Area,🟠 Medium,Schedule Maintenance,"[141.9, 129.1, 190.2, 174.7]"
Burst,0.0%,1.3% Area,🟢 Low,Monitor Status,"[249.4, 5.9, 260.7, 64.7]"
Burst,0.0%,2.8% Area,🟠 Medium,Schedule Maintenance,"[245.1, 10.4, 260.7, 101.0]"
Burst,0.0%,1.4% Area,🟢 Low,Monitor Status,"[144.0, 14.7, 181.5, 33.5]"
Burst,0.0%,0.4% Area,🟢 Low,Monitor Status,"[0.0, 67.5, 5.5, 107.4]"
Burst,0.0%,3.9% Area,🟠 Medium,Schedule Maintenance,"[15.7, 89.2, 68.8, 125.7]"
Burst,0.0%,4.9% Area,🟠 Medium,Schedule Maintenance,"[37.3, 167.2, 138.9, 191.6]"
Burst,0.0%,2.4% Area,🟠 Medium,Schedule Maintenance,"[117.8, 101.4, 161.0, 129.8]"
Burst,0.0%,3.2% Area,🟠 Medium,Schedule Maintenance,"[86.0, 73.7, 150.6, 99.1]"
Burst,0.0%,3.2% Area,🟠 Medium,Schedule Maintenance,"[0.1, 58.0, 29.3, 113.7]"
Burst,0.0%,10.2% Area,🔴 High,Immediate Repair,"[186.4, 27.8, 254.8, 103.1]"
Burst,0.0%,2.5% Area,🟠 Medium,Schedule Maintenance,"[86.8, 119.1, 128.2, 149.0]"
Burst,0.0%,4.4% Area,🟠 Medium,Schedule Maintenance,"[221.2, 135.5, 260.1, 192.6]"
Burst,0.0%,0.2% Area,🟢 Low,Monitor Status,"[59.6, 0.0, 88.3, 4.2]"
Burst,0.0%,2.7% Area,🟠 Medium,Schedule Maintenance,"[91.1, 78.3, 136.1, 108.9]"
Burst,0.0%,24.6% Area,🔴 High,Immediate Repair,"[48.8, 75.3, 186.9, 165.2]"
Burst,0.0%,2.7% Area,🟠 Medium,Schedule Maintenance,"[0.0, 123.9, 19.9, 193.0]"
Burst,0.0%,16.2% Area,🔴 High,Immediate Repair,"[72.0, 100.7, 188.2, 170.8]"
Burst,0.0%,2.7% Area,🟠 Medium,Schedule Maintenance,"[43.2, 79.7, 79.3, 117.8]"
Burst,0.0%,1.8% Area,🟢 Low,Monitor Status,"[196.8, 178.4, 259.5, 193.0]"
Burst,0.0%,0.7% Area,🟢 Low,Monitor Status,"[142.3, 2.4, 179.2, 11.7]"
Burst,0.0%,4.1% Area,🟠 Medium,Schedule Maintenance,"[0.6, 35.7, 96.6, 57.4]"
Burst,0.0%,22.9% Area,🔴 High,Immediate Repair,"[35.6, 69.9, 166.5, 158.2]"
Burst,0.0%,10.2% Area,🔴 High,Immediate Repair,"[0.9, 35.5, 97.6, 89.0]"
Burst,0.0%,0.2% Area,🟢 Low,Monitor Status,"[203.5, 0.0, 228.5, 4.0]"
Burst,0.0%,1.9% Area,🟢 Low,Monitor Status,"[2.5, 180.1, 77.3, 193.0]"
Burst,0.0%,1.6% Area,🟢 Low,Monitor Status,"[196.3, 42.7, 228.2, 68.2]"
Burst,0.0%,0.1% Area,🟢 Low,Monitor Status,"[162.3, 0.0, 195.3, 1.5]"
Burst,0.0%,0.4% Area,🟢 Low,Monitor Status,"[179.4, 2.7, 206.0, 11.2]"
Burst,0.0%,0.6% Area,🟢 Low,Monitor Status,"[137.1, 2.4, 170.5, 11.6]"
Burst,0.0%,2.0% Area,🟠 Medium,Schedule Maintenance,"[177.6, 148.0, 213.0, 176.6]"
Burst,0.0%,0.5% Area,🟢 Low,Monitor Status,"[191.3, 2.6, 221.1, 11.5]"
Burst,0.0%,0.3% Area,🟢 Low,Monitor Status,"[179.9, 0.0, 215.0, 5.0]"
Burst,0.0%,0.2% Area,🟢 Low,Monitor Status,"[183.9, 0.0, 209.0, 4.1]"
Burst,0.0%,3.7% Area,🟠 Medium,Schedule Maintenance,"[139.4, 168.5, 226.4, 189.7]"
Burst,0.0%,4.0% Area,🟠 Medium,Schedule Maintenance,"[0.1, 40.9, 23.2, 128.9]"
Burst,0.0%,0.7% Area,🟢 Low,Monitor Status,"[0.0, 80.0, 6.1, 137.2]"
Burst,0.0%,0.2% Area,🟢 Low,Monitor Status,"[90.7, 190.0, 124.4, 193.0]"
Burst,0.0%,2.6% Area,🟠 Medium,Schedule Maintenance,"[0.0, 24.1, 41.1, 56.4]"
Burst,0.0%,0.3% Area,🟢 Low,Monitor Status,"[170.4, 0.0, 205.1, 5.0]"
Burst,0.0%,0.3% Area,🟢 Low,Monitor Status,"[151.3, 74.5, 164.3, 85.4]"
Burst,0.0%,0.2% Area,🟢 Low,Monitor Status,"[196.7, 0.0, 223.0, 4.0]"
Burst,0.0%,2.5% Area,🟠 Medium,Schedule Maintenance,"[108.8, 109.8, 147.7, 142.7]"
Burst,0.0%,0.2% Area,🟢 Low,Monitor Status,"[99.9, 0.0, 123.4, 4.3]"
Burst,0.0%,0.7% Area,🟢 Low,Monitor Status,"[103.0, 9.2, 129.1, 21.8]"
Burst,0.0%,2.9% Area,🟠 Medium,Schedule Maintenance,"[31.1, 89.1, 74.1, 123.7]"
Burst,0.0%,0.5% Area,🟢 Low,Monitor Status,"[46.5, 187.7, 90.1, 193.0]"
Burst,0.0%,2.1% Area,🟠 Medium,Schedule Maintenance,"[45.0, 89.4, 77.8, 121.6]"
Burst,0.0%,2.4% Area,🟠 Medium,Schedule Maintenance,"[86.7, 125.3, 129.3, 154.3]"
Burst,0.0%,0.3% Area,🟢 Low,Monitor Status,"[46.0, 0.0, 76.0, 4.3]"
Burst,0.0%,3.6% Area,🟠 Medium,Schedule Maintenance,"[16.5, 36.9, 70.9, 70.5]"
Burst,0.0%,0.2% Area,🟢 Low,Monitor Status,"[190.1, 0.0, 216.4, 4.1]"
Burst,0.0%,0.8% Area,🟢 Low,Monitor Status,"[41.5, 9.9, 74.1, 22.9]"
Burst,0.0%,0.2% Area,🟢 Low,Monitor Status,"[157.6, 0.0, 186.9, 4.3]"
Burst,0.0%,3.7% Area,🟠 Medium,Schedule Maintenance,"[189.2, 151.6, 234.8, 193.0]"
Burst,0.0%,0.2% Area,🟢 Low,Monitor Status,"[52.8, 0.0, 82.2, 4.3]"
Burst,0.0%,0.1% Area,🟢 Low,Monitor Status,"[218.1, 0.0, 250.4, 1.5]"
Burst,0.0%,2.9% Area,🟠 Medium,Schedule Maintenance,"[145.4, 125.5, 190.2, 157.7]"
Burst,0.0%,1.6% Area,🟢 Low,Monitor Status,"[135.1, 102.9, 166.6, 128.3]"
Burst,0.0%,1.1% Area,🟢 Low,Monitor Status,"[160.4, 14.3, 189.1, 34.0]"
Burst,0.0%,8.7% Area,🔴 High,Immediate Repair,"[177.7, 86.1, 236.0, 161.4]"
Burst,0.0%,0.6% Area,🟢 Low,Monitor Status,"[119.4, 67.2, 164.2, 73.9]"
Burst,0.0%,9.4% Area,🔴 High,Immediate Repair,"[190.2, 100.5, 250.4, 179.2]"
Burst,0.0%,2.7% Area,🟠 Medium,Schedule Maintenance,"[4.3, 73.6, 47.8, 105.0]"
Burst,0.0%,1.2% Area,🟢 Low,Monitor Status,"[219.2, 178.2, 259.5, 193.0]"
Burst,0.0%,2.8% Area,🟠 Medium,Schedule Maintenance,"[121.2, 82.0, 164.0, 115.4]"
Burst,0.0%,13.0% Area,🔴 High,Immediate Repair,"[194.5, 12.6, 259.9, 113.0]"
Burst,0.0%,0.9% Area,🟢 Low,Monitor Status,"[228.3, 9.2, 255.8, 25.2]"
Burst,0.0%,1.3% Area,🟢 Low,Monitor Status,"[0.0, 117.9, 9.9, 185.5]"
Burst,0.0%,0.5% Area,🟢 Low,Monitor Status,"[0.0, 77.6, 5.3, 122.2]"
Burst,0.0%,6.9% Area,🟠 Medium,Schedule Maintenance,"[1.5, 21.8, 114.9, 52.6]"
Burst,0.0%,0.3% Area,🟢 Low,Monitor Status,"[39.1, 0.0, 70.0, 4.4]"
Burst,0.0%,5.3% Area,🟠 Medium,Schedule Maintenance,"[112.2, 72.0, 181.0, 110.9]"
Burst,0.0%,11.4% Area,🔴 High,Immediate Repair,"[74.5, 124.5, 185.8, 176.0]"
Burst,0.0%,0.1% Area,🟢 Low,Monitor Status,"[41.6, 0.0, 74.5, 1.6]"
Burst,0.0%,2.3% Area,🟠 Medium,Schedule Maintenance,"[242.9, 63.5, 261.0, 127.7]"
Burst,0.0%,12.4% Area,🔴 High,Immediate Repair,"[0.0, 21.1, 149.4, 62.8]"
Burst,0.0%,1.8% Area,🟢 Low,Monitor Status,"[0.0, 117.7, 14.4, 182.2]"
Burst,0.0%,1.6% Area,🟢 Low,Monitor Status,"[13.3, 14.6, 41.6, 42.3]"
Burst,0.0%,0.4% Area,🟢 Low,Monitor Status,"[0.0, 38.2, 5.5, 71.8]"
Burst,0.0%,3.3% Area,🟠 Medium,Schedule Maintenance,"[218.3, 34.6, 259.6, 75.3]"
Burst,0.0%,0.1% Area,🟢 Low,Monitor Status,"[152.9, 0.0, 185.2, 1.5]"
Burst,0.0%,1.5% Area,🟢 Low,Monitor Status,"[52.6, 177.4, 101.2, 193.0]"
Burst,0.0%,0.2% Area,🟢 Low,Monitor Status,"[0.0, 0.0, 18.6, 5.3]"
Burst,0.0%,0.1% Area,🟢 Low,Monitor Status,"[48.3, 0.0, 80.9, 1.6]"
Burst,0.0%,8.5% Area,🔴 High,Immediate Repair,"[178.5, 97.8, 234.6, 174.1]"
Burst,0.0%,1.5% Area,🟢 Low,Monitor Status,"[29.3, 178.5, 81.9, 193.0]"
Burst,0.0%,0.4% Area,🟢 Low,Monitor Status,"[0.0, 61.6, 5.3, 96.6]"
Burst,0.0%,1.8% Area,🟢 Low,Monitor Status,"[93.2, 175.4, 146.0, 193.0]"
Burst,0.0%,0.8% Area,🟢 Low,Monitor Status,"[221.4, 9.5, 246.9, 25.3]"
Burst,0.0%,1.3% Area,🟢 Low,Monitor Status,"[21.0, 15.7, 45.2, 43.0]"
Burst,0.0%,0.1% Area,🟢 Low,Monitor Status,"[54.9, 0.0, 87.5, 1.6]"
Burst,0.0%,0.1% Area,🟢 Low,Monitor Status,"[61.5, 0.0, 93.7, 1.6]"
Burst,0.0%,0.2% Area,🟢 Low,Monitor Status,"[118.8, 190.7, 164.4, 193.0]"
Burst,0.0%,22.3% Area,🔴 High,Immediate Repair,"[11.6, 58.5, 131.1, 152.5]"
Burst,0.0%,2.6% Area,🟠 Medium,Schedule Maintenance,"[74.6, 125.8, 122.2, 153.2]"
Burst,0.0%,2.2% Area,🟠 Medium,Schedule Maintenance,"[182.7, 176.9, 250.5, 193.0]"
Burst,0.0%,0.5% Area,🟢 Low,Monitor Status,"[149.9, 77.0, 164.9, 93.3]"
Burst,0.0%,15.0% Area,🔴 High,Immediate Repair,"[0.2, 0.0, 167.4, 45.2]"
Burst,0.0%,1.6% Area,🟢 Low,Monitor Status,"[119.5, 175.5, 164.5, 193.0]"
Burst,0.0%,0.7% Area,🟢 Low,Monitor Status,"[0.0, 50.4, 8.8, 91.7]"
Burst,0.0%,0.6% Area,🟢 Low,Monitor Status,"[127.4, 10.1, 155.6, 20.7]"
